Country,Element,Item,Year,Unit,Value
Afghanistan,Food supply quantity (kg/capita/yr),Bovine Meat,2020,kg,3.23
Afghanistan,Food supply quantity (kg/capita/yr),Mutton & Goat Meat,2020,kg,4.04
Afghanistan,Food supply quantity (kg/capita/yr),Pigmeat,2020,kg,0
Afghanistan,Food supply quantity (kg/capita/yr),Poultry Meat,2020,kg,1.71
Afghanistan,Food supply quantity (kg/capita/yr),"Meat, Other",2020,kg,0.3
Albania,Food supply quantity (kg/capita/yr),Bovine Meat,2020,kg,11.65
Albania,Food supply quantity (kg/capita/yr),Mutton & Goat Meat,2020,kg,8.26
Albania,Food supply quantity (kg/capita/yr),Pigmeat,2020,kg,5.25
Albania,Food supply quantity (kg/capita/yr),Poultry Meat,2020,kg,13.94
Albania,Food supply quantity (kg/capita/yr),"Meat, Other",2020,kg,0
Algeria,Food supply quantity (kg/capita/yr),Bovine Meat,2020,kg,3.83
Algeria,Food supply quantity (kg/capita/yr),Mutton & Goat Meat,2020,kg,8.06
Algeria,Food supply quantity (kg/capita/yr),Pigmeat,2020,kg,0.02
Algeria,Food supply quantity (kg/capita/yr),Poultry Meat,2020,kg,6.38
Algeria,Food supply quantity (kg/capita/yr),"Meat, Other",2020,kg,0.32
Angola,Food supply quantity (kg/capita/yr),Bovine Meat,2020,kg,3.43
Angola,Food supply quantity (kg/capita/yr),Mutton & Goat Meat,2020,kg,0.75
Angola,Food supply quantity (kg/capita/yr),Pigmeat,2020,kg,7.04
Angola,Food supply quantity (kg/capita/yr),Poultry Meat,2020,kg,8.41
Angola,Food supply quantity (kg/capita/yr),"Meat, Other",2020,kg,0.3
Antigua and Barbuda,Food supply quantity (kg/capita/yr),Bovine Meat,2020,kg,5.04
Antigua and Barbuda,Food supply quantity (kg/capita/yr),Mutton & Goat Meat,2020,kg,0.98
Antigua and Barbuda,Food supply quantity (kg/capita/yr),Pigmeat,2020,kg,14.31
Antigua and Barbuda,Food supply quantity (kg/capita/yr),Poultry Meat,2020,kg,61.76
Antigua and Barbuda,Food supply quantity (kg/capita/yr),"Meat, Other",2020,kg,0.05
Argentina,Food supply quantity (kg/capita/yr),Bovine Meat,2020,kg,46.93
Argentina,Food supply quantity (kg/capita/yr),Mutton & Goat Meat,2020,kg,1.42
Argentina,Food supply quantity (kg/capita/yr),Pigmeat,2020,kg,14.42
Argentina,Food supply quantity (kg/capita/yr),Poultry Meat,2020,kg,46.23
Argentina,Food supply quantity (kg/capita/yr),"Meat, Other",2020,kg,1.15
Armenia,Food supply quantity (kg/capita/yr),Bovine Meat,2020,kg,23.9
Armenia,Food supply quantity (kg/capita/yr),Mutton & Goat Meat,2020,kg,3.59
Armenia,Food supply quantity (kg/capita/yr),Pigmeat,2020,kg,8.13
Armenia,Food supply quantity (kg/capita/yr),Poultry Meat,2020,kg,15.29
Armenia,Food supply quantity (kg/capita/yr),"Meat, Other",2020,kg,0.02
Australia,Food supply quantity (kg/capita/yr),Bovine Meat,2020,kg,37.02
Australia,Food supply quantity (kg/capita/yr),Mutton & Goat Meat,2020,kg,10.62
Australia,Food supply quantity (kg/capita/yr),Pigmeat,2020,kg,24.24
Australia,Food supply quantity (kg/capita/yr),Poultry Meat,2020,kg,48.73
Australia,Food supply quantity (kg/capita/yr),"Meat, Other",2020,kg,0.92
Austria,Food supply quantity (kg/capita/yr),Bovine Meat,2020,kg,14.86
Austria,Food supply quantity (kg/capita/yr),Mutton & Goat Meat,2020,kg,1.04
Austria,Food supply quantity (kg/capita/yr),Pigmeat,2020,kg,45.03
Austria,Food supply quantity (kg/capita/yr),Poultry Meat,2020,kg,15.66
Austria,Food supply quantity (kg/capita/yr),"Meat, Other",2020,kg,0.33
Azerbaijan,Food supply quantity (kg/capita/yr),Bovine Meat,2020,kg,13.47
Azerbaijan,Food supply quantity (kg/capita/yr),Mutton & Goat Meat,2020,kg,8.41
Azerbaijan,Food supply quantity (kg/capita/yr),Pigmeat,2020,kg,0.58
Azerbaijan,Food supply quantity (kg/capita/yr),Poultry Meat,2020,kg,14.42
Azerbaijan,Food supply quantity (kg/capita/yr),"Meat, Other",2020,kg,0
Bahamas,Food supply quantity (kg/capita/yr),Bovine Meat,2020,kg,5.2
Bahamas,Food supply quantity (kg/capita/yr),Mutton & Goat Meat,2020,kg,1.65
Bahamas,Food supply quantity (kg/capita/yr),Pigmeat,2020,kg,23.77
Bahamas,Food supply quantity (kg/capita/yr),Poultry Meat,2020,kg,54.4
Bahamas,Food supply quantity (kg/capita/yr),"Meat, Other",2020,kg,0.05
Bahrain,Food supply quantity (kg/capita/yr),Bovine Meat,2020,kg,13.69
Bahrain,Food supply quantity (kg/capita/yr),Mutton & Goat Meat,2020,kg,21.43
Bahrain,Food supply quantity (kg/capita/yr),Pigmeat,2020,kg,0.75
Bahrain,Food supply quantity (kg/capita/yr),Poultry Meat,2020,kg,43.95
Bahrain,Food supply quantity (kg/capita/yr),"Meat, Other",2020,kg,0.81
Bangladesh,Food supply quantity (kg/capita/yr),Bovine Meat,2020,kg,1.25
Bangladesh,Food supply quantity (kg/capita/yr),Mutton & Goat Meat,2020,kg,1.44
Bangladesh,Food supply quantity (kg/capita/yr),Pigmeat,2020,kg,0
Bangladesh,Food supply quantity (kg/capita/yr),Poultry Meat,2020,kg,1.64
Bangladesh,Food supply quantity (kg/capita/yr),"Meat, Other",2020,kg,0
Barbados,Food supply quantity (kg/capita/yr),Bovine Meat,2020,kg,8.01
Barbados,Food supply quantity (kg/capita/yr),Mutton & Goat Meat,2020,kg,3.31
Barbados,Food supply quantity (kg/capita/yr),Pigmeat,2020,kg,12.32
Barbados,Food supply quantity (kg/capita/yr),Poultry Meat,2020,kg,49.28
Barbados,Food supply quantity (kg/capita/yr),"Meat, Other",2020,kg,0.06
Belarus,Food supply quantity (kg/capita/yr),Bovine Meat,2020,kg,18.62
Belarus,Food supply quantity (kg/capita/yr),Mutton & Goat Meat,2020,kg,0.12
Belarus,Food supply quantity (kg/capita/yr),Pigmeat,2020,kg,39.18
Belarus,Food supply quantity (kg/capita/yr),Poultry Meat,2020,kg,32.22
Belarus,Food supply quantity (kg/capita/yr),"Meat, Other",2020,kg,0.25
Belgium,Food supply quantity (kg/capita/yr),Bovine Meat,2020,kg,13.98
Belgium,Food supply quantity (kg/capita/yr),Mutton & Goat Meat,2020,kg,1.28
Belgium,Food supply quantity (kg/capita/yr),Pigmeat,2020,kg,32.8
Belgium,Food supply quantity (kg/capita/yr),Poultry Meat,2020,kg,12.44
Belgium,Food supply quantity (kg/capita/yr),"Meat, Other",2020,kg,1.35
Belize,Food supply quantity (kg/capita/yr),Bovine Meat,2020,kg,3.6
Belize,Food supply quantity (kg/capita/yr),Mutton & Goat Meat,2020,kg,0.06
Belize,Food supply quantity (kg/capita/yr),Pigmeat,2020,kg,20.81
Belize,Food supply quantity (kg/capita/yr),Poultry Meat,2020,kg,23.81
Belize,Food supply quantity (kg/capita/yr),"Meat, Other",2020,kg,0.22
Benin,Food supply quantity (kg/capita/yr),Bovine Meat,2020,kg,3.64
Benin,Food supply quantity (kg/capita/yr),Mutton & Goat Meat,2020,kg,0.8
Benin,Food supply quantity (kg/capita/yr),Pigmeat,2020,kg,0.74
Benin,Food supply quantity (kg/capita/yr),Poultry Meat,2020,kg,8.69
Benin,Food supply quantity (kg/capita/yr),"Meat, Other",2020,kg,0.68
Bhutan,Food supply quantity (kg/capita/yr),Bovine Meat,2020,kg,9.29
Bhutan,Food supply quantity (kg/capita/yr),Mutton & Goat Meat,2020,kg,0.29
Bhutan,Food supply quantity (kg/capita/yr),Pigmeat,2020,kg,1.89
Bhutan,Food supply quantity (kg/capita/yr),Poultry Meat,2020,kg,4.59
Bolivia,Food supply quantity (kg/capita/yr),Bovine Meat,2020,kg,21.6
Bolivia,Food supply quantity (kg/capita/yr),Mutton & Goat Meat,2020,kg,3.14
Bolivia,Food supply quantity (kg/capita/yr),Pigmeat,2020,kg,9.73
Bolivia,Food supply quantity (kg/capita/yr),Poultry Meat,2020,kg,40.86
Bolivia,Food supply quantity (kg/capita/yr),"Meat, Other",2020,kg,1.8
Bosnia Herzegovina,Food supply quantity (kg/capita/yr),Bovine Meat,2020,kg,12.84
Bosnia Herzegovina,Food supply quantity (kg/capita/yr),Mutton & Goat Meat,2020,kg,0.3
Bosnia Herzegovina,Food supply quantity (kg/capita/yr),Pigmeat,2020,kg,9.29
Bosnia Herzegovina,Food supply quantity (kg/capita/yr),Poultry Meat,2020,kg,20.01
Bosnia Herzegovina,Food supply quantity (kg/capita/yr),"Meat, Other",2020,kg,0.34
Botswana,Food supply quantity (kg/capita/yr),Bovine Meat,2020,kg,10.21
Botswana,Food supply quantity (kg/capita/yr),Mutton & Goat Meat,2020,kg,2.48
Botswana,Food supply quantity (kg/capita/yr),Pigmeat,2020,kg,0.48
Botswana,Food supply quantity (kg/capita/yr),Poultry Meat,2020,kg,3.53
Botswana,Food supply quantity (kg/capita/yr),"Meat, Other",2020,kg,11.85
Brazil,Food supply quantity (kg/capita/yr),Bovine Meat,2020,kg,35.41
Brazil,Food supply quantity (kg/capita/yr),Mutton & Goat Meat,2020,kg,0.65
Brazil,Food supply quantity (kg/capita/yr),Pigmeat,2020,kg,14.19
Brazil,Food supply quantity (kg/capita/yr),Poultry Meat,2020,kg,48.39
Brazil,Food supply quantity (kg/capita/yr),"Meat, Other",2020,kg,0.51
Bulgaria,Food supply quantity (kg/capita/yr),Bovine Meat,2020,kg,3.45
Bulgaria,Food supply quantity (kg/capita/yr),Mutton & Goat Meat,2020,kg,1.29
Bulgaria,Food supply quantity (kg/capita/yr),Pigmeat,2020,kg,30.04
Bulgaria,Food supply quantity (kg/capita/yr),Poultry Meat,2020,kg,21.48
Bulgaria,Food supply quantity (kg/capita/yr),"Meat, Other",2020,kg,0.68
Burkina Faso,Food supply quantity (kg/capita/yr),Bovine Meat,2020,kg,5.31
Burkina Faso,Food supply quantity (kg/capita/yr),Mutton & Goat Meat,2020,kg,3.85
Burkina Faso,Food supply quantity (kg/capita/yr),Pigmeat,2020,kg,15.21
Burkina Faso,Food supply quantity (kg/capita/yr),Poultry Meat,2020,kg,9.48
Burkina Faso,Food supply quantity (kg/capita/yr),"Meat, Other",2020,kg,0.4
Burundi,Food supply quantity (kg/capita/yr),Bovine Meat,2020,kg,0.92
Burundi,Food supply quantity (kg/capita/yr),Mutton & Goat Meat,2020,kg,0.72
Burundi,Food supply quantity (kg/capita/yr),Pigmeat,2020,kg,0.85
Burundi,Food supply quantity (kg/capita/yr),Poultry Meat,2020,kg,0.56
Burundi,Food supply quantity (kg/capita/yr),"Meat, Other",2020,kg,0.07
Cabo Verde,Food supply quantity (kg/capita/yr),Bovine Meat,2020,kg,1.72
Cabo Verde,Food supply quantity (kg/capita/yr),Mutton & Goat Meat,2020,kg,1.9
Cabo Verde,Food supply quantity (kg/capita/yr),Pigmeat,2020,kg,7.3
Cabo Verde,Food supply quantity (kg/capita/yr),Poultry Meat,2020,kg,19.4
Cabo Verde,Food supply quantity (kg/capita/yr),"Meat, Other",2020,kg,0.04
Cambodia,Food supply quantity (kg/capita/yr),Bovine Meat,2020,kg,4.19
Cambodia,Food supply quantity (kg/capita/yr),Mutton & Goat Meat,2020,kg,0.01
Cambodia,Food supply quantity (kg/capita/yr),Pigmeat,2020,kg,5.92
Cambodia,Food supply quantity (kg/capita/yr),Poultry Meat,2020,kg,2.76
Cambodia,Food supply quantity (kg/capita/yr),"Meat, Other",2020,kg,0
Cameroon,Food supply quantity (kg/capita/yr),Bovine Meat,2020,kg,3.05
Cameroon,Food supply quantity (kg/capita/yr),Mutton & Goat Meat,2020,kg,1.29
Cameroon,Food supply quantity (kg/capita/yr),Pigmeat,2020,kg,1.24
Cameroon,Food supply quantity (kg/capita/yr),Poultry Meat,2020,kg,3.3
Cameroon,Food supply quantity (kg/capita/yr),"Meat, Other",2020,kg,2.75
Canada,Food supply quantity (kg/capita/yr),Bovine Meat,2020,kg,27.5
Canada,Food supply quantity (kg/capita/yr),Mutton & Goat Meat,2020,kg,1.06
Canada,Food supply quantity (kg/capita/yr),Pigmeat,2020,kg,21.39
Canada,Food supply quantity (kg/capita/yr),Poultry Meat,2020,kg,40.1
Canada,Food supply quantity (kg/capita/yr),"Meat, Other",2020,kg,0.5
Central African Republic,Food supply quantity (kg/capita/yr),Bovine Meat,2020,kg,20.75
Central African Republic,Food supply quantity (kg/capita/yr),Mutton & Goat Meat,2020,kg,5.71
Central African Republic,Food supply quantity (kg/capita/yr),Pigmeat,2020,kg,4.12
Central African Republic,Food supply quantity (kg/capita/yr),Poultry Meat,2020,kg,2.55
Central African Republic,Food supply quantity (kg/capita/yr),"Meat, Other",2020,kg,4.65
Chad,Food supply quantity (kg/capita/yr),Bovine Meat,2020,kg,27.51
Chad,Food supply quantity (kg/capita/yr),Mutton & Goat Meat,2020,kg,17.91
Chad,Food supply quantity (kg/capita/yr),Pigmeat,2020,kg,0.15
Chad,Food supply quantity (kg/capita/yr),Poultry Meat,2020,kg,0.48
Chad,Food supply quantity (kg/capita/yr),"Meat, Other",2020,kg,0.82
Chile,Food supply quantity (kg/capita/yr),Bovine Meat,2020,kg,23.65
Chile,Food supply quantity (kg/capita/yr),Mutton & Goat Meat,2020,kg,0.43
Chile,Food supply quantity (kg/capita/yr),Pigmeat,2020,kg,22.05
Chile,Food supply quantity (kg/capita/yr),Poultry Meat,2020,kg,36.05
Chile,Food supply quantity (kg/capita/yr),"Meat, Other",2020,kg,0.86
China,Food supply quantity (kg/capita/yr),Bovine Meat,2020,kg,6.75
China,Food supply quantity (kg/capita/yr),Mutton & Goat Meat,2020,kg,3.7
China,Food supply quantity (kg/capita/yr),Pigmeat,2020,kg,35.5
China,Food supply quantity (kg/capita/yr),Poultry Meat,2020,kg,15.63
China,Food supply quantity (kg/capita/yr),"Meat, Other",2020,kg,0.52
"China, Hong Kong SAR",Food supply quantity (kg/capita/yr),Bovine Meat,2020,kg,22.53
"China, Hong Kong SAR",Food supply quantity (kg/capita/yr),Mutton & Goat Meat,2020,kg,0.93
"China, Hong Kong SAR",Food supply quantity (kg/capita/yr),Pigmeat,2020,kg,55.24
"China, Hong Kong SAR",Food supply quantity (kg/capita/yr),Poultry Meat,2020,kg,55.52
"China, Hong Kong SAR",Food supply quantity (kg/capita/yr),"Meat, Other",2020,kg,2.09
"China, Macao SAR",Food supply quantity (kg/capita/yr),Bovine Meat,2020,kg,9.38
"China, Macao SAR",Food supply quantity (kg/capita/yr),Mutton & Goat Meat,2020,kg,0.73
"China, Macao SAR",Food supply quantity (kg/capita/yr),Pigmeat,2020,kg,46.89
"China, Macao SAR",Food supply quantity (kg/capita/yr),Poultry Meat,2020,kg,45.56
"China, Macao SAR",Food supply quantity (kg/capita/yr),"Meat, Other",2020,kg,1.11
"China, mainland",Food supply quantity (kg/capita/yr),Bovine Meat,2020,kg,6.67
"China, mainland",Food supply quantity (kg/capita/yr),Mutton & Goat Meat,2020,kg,3.76
"China, mainland",Food supply quantity (kg/capita/yr),Pigmeat,2020,kg,35.34
"China, mainland",Food supply quantity (kg/capita/yr),Poultry Meat,2020,kg,14.98
"China, mainland",Food supply quantity (kg/capita/yr),"Meat, Other",2020,kg,0.52
"China, Taiwan Province of",Food supply quantity (kg/capita/yr),Bovine Meat,2020,kg,6.08
"China, Taiwan Province of",Food supply quantity (kg/capita/yr),Mutton & Goat Meat,2020,kg,0.83
"China, Taiwan Province of",Food supply quantity (kg/capita/yr),Pigmeat,2020,kg,38.35
"China, Taiwan Province of",Food supply quantity (kg/capita/yr),Poultry Meat,2020,kg,41.64
"China, Taiwan Province of",Food supply quantity (kg/capita/yr),"Meat, Other",2020,kg,0.05
Colombia,Food supply quantity (kg/capita/yr),Bovine Meat,2020,kg,13.68
Colombia,Food supply quantity (kg/capita/yr),Mutton & Goat Meat,2020,kg,0.02
Colombia,Food supply quantity (kg/capita/yr),Pigmeat,2020,kg,10.52
Colombia,Food supply quantity (kg/capita/yr),Poultry Meat,2020,kg,33.78
Colombia,Food supply quantity (kg/capita/yr),"Meat, Other",2020,kg,0.11
Comoros,Food supply quantity (kg/capita/yr),Bovine Meat,2020,kg,3.03
Comoros,Food supply quantity (kg/capita/yr),Mutton & Goat Meat,2020,kg,0.6
Comoros,Food supply quantity (kg/capita/yr),Pigmeat,2020,kg,0.12
Comoros,Food supply quantity (kg/capita/yr),Poultry Meat,2020,kg,26.76
Comoros,Food supply quantity (kg/capita/yr),"Meat, Other",2020,kg,0.64
Congo Brazzaville,Food supply quantity (kg/capita/yr),Bovine Meat,2020,kg,1.93
Congo Brazzaville,Food supply quantity (kg/capita/yr),Mutton & Goat Meat,2020,kg,0.29
Congo Brazzaville,Food supply quantity (kg/capita/yr),Pigmeat,2020,kg,6.78
Congo Brazzaville,Food supply quantity (kg/capita/yr),Poultry Meat,2020,kg,23.21
Congo Brazzaville,Food supply quantity (kg/capita/yr),"Meat, Other",2020,kg,7.8
Costa Rica,Food supply quantity (kg/capita/yr),Bovine Meat,2020,kg,11.41
Costa Rica,Food supply quantity (kg/capita/yr),Mutton & Goat Meat,2020,kg,0.01
Costa Rica,Food supply quantity (kg/capita/yr),Pigmeat,2020,kg,12.74
Costa Rica,Food supply quantity (kg/capita/yr),Poultry Meat,2020,kg,34.29
Costa Rica,Food supply quantity (kg/capita/yr),"Meat, Other",2020,kg,0
Côte d'Ivoire,Food supply quantity (kg/capita/yr),Bovine Meat,2020,kg,1.41
Côte d'Ivoire,Food supply quantity (kg/capita/yr),Mutton & Goat Meat,2020,kg,0.69
Côte d'Ivoire,Food supply quantity (kg/capita/yr),Pigmeat,2020,kg,1.01
Côte d'Ivoire,Food supply quantity (kg/capita/yr),Poultry Meat,2020,kg,2.93
Côte d'Ivoire,Food supply quantity (kg/capita/yr),"Meat, Other",2020,kg,5.8
Croatia,Food supply quantity (kg/capita/yr),Bovine Meat,2020,kg,11.24
Croatia,Food supply quantity (kg/capita/yr),Mutton & Goat Meat,2020,kg,1.45
Croatia,Food supply quantity (kg/capita/yr),Pigmeat,2020,kg,49.63
Croatia,Food supply quantity (kg/capita/yr),Poultry Meat,2020,kg,16.55
Croatia,Food supply quantity (kg/capita/yr),"Meat, Other",2020,kg,0.67
Cuba,Food supply quantity (kg/capita/yr),Bovine Meat,2020,kg,7.4
Cuba,Food supply quantity (kg/capita/yr),Mutton & Goat Meat,2020,kg,1.02
Cuba,Food supply quantity (kg/capita/yr),Pigmeat,2020,kg,21.61
Cuba,Food supply quantity (kg/capita/yr),Poultry Meat,2020,kg,37.7
Cuba,Food supply quantity (kg/capita/yr),"Meat, Other",2020,kg,3.84
Cyprus,Food supply quantity (kg/capita/yr),Bovine Meat,2020,kg,5.89
Cyprus,Food supply quantity (kg/capita/yr),Mutton & Goat Meat,2020,kg,4.12
Cyprus,Food supply quantity (kg/capita/yr),Pigmeat,2020,kg,36.78
Cyprus,Food supply quantity (kg/capita/yr),Poultry Meat,2020,kg,28.35
Cyprus,Food supply quantity (kg/capita/yr),"Meat, Other",2020,kg,0.43
Czech Republic,Food supply quantity (kg/capita/yr),Bovine Meat,2020,kg,10.19
Czech Republic,Food supply quantity (kg/capita/yr),Mutton & Goat Meat,2020,kg,0.3
Czech Republic,Food supply quantity (kg/capita/yr),Pigmeat,2020,kg,44.54
Czech Republic,Food supply quantity (kg/capita/yr),Poultry Meat,2020,kg,23.53
Czech Republic,Food supply quantity (kg/capita/yr),"Meat, Other",2020,kg,0.62
Democratic People's Republic of Korea,Food supply quantity (kg/capita/yr),Bovine Meat,2020,kg,0.81
Democratic People's Republic of Korea,Food supply quantity (kg/capita/yr),Mutton & Goat Meat,2020,kg,0.58
Democratic People's Republic of Korea,Food supply quantity (kg/capita/yr),Pigmeat,2020,kg,4.28
Democratic People's Republic of Korea,Food supply quantity (kg/capita/yr),Poultry Meat,2020,kg,1.78
Democratic People's Republic of Korea,Food supply quantity (kg/capita/yr),"Meat, Other",2020,kg,6.16
Democratic Republic of the Congo,Food supply quantity (kg/capita/yr),Bovine Meat,2020,kg,0.26
Democratic Republic of the Congo,Food supply quantity (kg/capita/yr),Mutton & Goat Meat,2020,kg,0.22
Democratic Republic of the Congo,Food supply quantity (kg/capita/yr),Pigmeat,2020,kg,0.51
Democratic Republic of the Congo,Food supply quantity (kg/capita/yr),Poultry Meat,2020,kg,1.26
Democratic Republic of the Congo,Food supply quantity (kg/capita/yr),"Meat, Other",2020,kg,1
Denmark,Food supply quantity (kg/capita/yr),Bovine Meat,2020,kg,24.33
Denmark,Food supply quantity (kg/capita/yr),Mutton & Goat Meat,2020,kg,0.67
Denmark,Food supply quantity (kg/capita/yr),Pigmeat,2020,kg,13.47
Denmark,Food supply quantity (kg/capita/yr),Poultry Meat,2020,kg,24.56
Denmark,Food supply quantity (kg/capita/yr),"Meat, Other",2020,kg,0.64
Djibouti,Food supply quantity (kg/capita/yr),Bovine Meat,2020,kg,6.24
Djibouti,Food supply quantity (kg/capita/yr),Mutton & Goat Meat,2020,kg,4.59
Djibouti,Food supply quantity (kg/capita/yr),Pigmeat,2020,kg,0.13
Djibouti,Food supply quantity (kg/capita/yr),Poultry Meat,2020,kg,3.63
Djibouti,Food supply quantity (kg/capita/yr),"Meat, Other",2020,kg,0.76
Dominica,Food supply quantity (kg/capita/yr),Bovine Meat,2020,kg,8.14
Dominica,Food supply quantity (kg/capita/yr),Mutton & Goat Meat,2020,kg,1.08
Dominica,Food supply quantity (kg/capita/yr),Pigmeat,2020,kg,11.44
Dominica,Food supply quantity (kg/capita/yr),Poultry Meat,2020,kg,39.36
Dominica,Food supply quantity (kg/capita/yr),"Meat, Other",2020,kg,0.04
Dominican Republic,Food supply quantity (kg/capita/yr),Bovine Meat,2020,kg,6.29
Dominican Republic,Food supply quantity (kg/capita/yr),Mutton & Goat Meat,2020,kg,0.18
Dominican Republic,Food supply quantity (kg/capita/yr),Pigmeat,2020,kg,9.85
Dominican Republic,Food supply quantity (kg/capita/yr),Poultry Meat,2020,kg,32.2
Dominican Republic,Food supply quantity (kg/capita/yr),"Meat, Other",2020,kg,0.04
Ecuador,Food supply quantity (kg/capita/yr),Bovine Meat,2020,kg,13.26
Ecuador,Food supply quantity (kg/capita/yr),Mutton & Goat Meat,2020,kg,0.31
Ecuador,Food supply quantity (kg/capita/yr),Pigmeat,2020,kg,12.89
Ecuador,Food supply quantity (kg/capita/yr),Poultry Meat,2020,kg,18.88
Ecuador,Food supply quantity (kg/capita/yr),"Meat, Other",2020,kg,0.06
Egypt,Food supply quantity (kg/capita/yr),Bovine Meat,2020,kg,7.4
Egypt,Food supply quantity (kg/capita/yr),Mutton & Goat Meat,2020,kg,0.6
Egypt,Food supply quantity (kg/capita/yr),Pigmeat,2020,kg,0.01
Egypt,Food supply quantity (kg/capita/yr),Poultry Meat,2020,kg,14.33
Egypt,Food supply quantity (kg/capita/yr),"Meat, Other",2020,kg,0.93
El Salvador,Food supply quantity (kg/capita/yr),Bovine Meat,2020,kg,8.18
El Salvador,Food supply quantity (kg/capita/yr),Mutton & Goat Meat,2020,kg,0.02
El Salvador,Food supply quantity (kg/capita/yr),Pigmeat,2020,kg,4.72
El Salvador,Food supply quantity (kg/capita/yr),Poultry Meat,2020,kg,25.9
El Salvador,Food supply quantity (kg/capita/yr),"Meat, Other",2020,kg,0
Estonia,Food supply quantity (kg/capita/yr),Bovine Meat,2020,kg,8.49
Estonia,Food supply quantity (kg/capita/yr),Mutton & Goat Meat,2020,kg,0.41
Estonia,Food supply quantity (kg/capita/yr),Pigmeat,2020,kg,37.73
Estonia,Food supply quantity (kg/capita/yr),Poultry Meat,2020,kg,21.05
Estonia,Food supply quantity (kg/capita/yr),"Meat, Other",2020,kg,0.11
Eswatini,Food supply quantity (kg/capita/yr),Bovine Meat,2020,kg,16.07
Eswatini,Food supply quantity (kg/capita/yr),Mutton & Goat Meat,2020,kg,1.83
Eswatini,Food supply quantity (kg/capita/yr),Pigmeat,2020,kg,2.02
Eswatini,Food supply quantity (kg/capita/yr),Poultry Meat,2020,kg,7.26
Eswatini,Food supply quantity (kg/capita/yr),"Meat, Other",2020,kg,0.21
Ethiopia,Food supply quantity (kg/capita/yr),Bovine Meat,2020,kg,3.76
Ethiopia,Food supply quantity (kg/capita/yr),Mutton & Goat Meat,2020,kg,2.39
Ethiopia,Food supply quantity (kg/capita/yr),Pigmeat,2020,kg,0.02
Ethiopia,Food supply quantity (kg/capita/yr),Poultry Meat,2020,kg,0.59
Ethiopia,Food supply quantity (kg/capita/yr),"Meat, Other",2020,kg,1.13
Fiji,Food supply quantity (kg/capita/yr),Bovine Meat,2020,kg,3.11
Fiji,Food supply quantity (kg/capita/yr),Mutton & Goat Meat,2020,kg,5.2
Fiji,Food supply quantity (kg/capita/yr),Pigmeat,2020,kg,3.69
Fiji,Food supply quantity (kg/capita/yr),Poultry Meat,2020,kg,28.76
Fiji,Food supply quantity (kg/capita/yr),"Meat, Other",2020,kg,0.13
Finland,Food supply quantity (kg/capita/yr),Bovine Meat,2020,kg,18.38
Finland,Food supply quantity (kg/capita/yr),Mutton & Goat Meat,2020,kg,0.46
Finland,Food supply quantity (kg/capita/yr),Pigmeat,2020,kg,30.8
Finland,Food supply quantity (kg/capita/yr),Poultry Meat,2020,kg,21.08
Finland,Food supply quantity (kg/capita/yr),"Meat, Other",2020,kg,0.66
France,Food supply quantity (kg/capita/yr),Bovine Meat,2020,kg,20.76
France,Food supply quantity (kg/capita/yr),Mutton & Goat Meat,2020,kg,2.41
France,Food supply quantity (kg/capita/yr),Pigmeat,2020,kg,30.97
France,Food supply quantity (kg/capita/yr),Poultry Meat,2020,kg,22.97
France,Food supply quantity (kg/capita/yr),"Meat, Other",2020,kg,1.13
French Polynesia,Food supply quantity (kg/capita/yr),Bovine Meat,2020,kg,21.35
French Polynesia,Food supply quantity (kg/capita/yr),Mutton & Goat Meat,2020,kg,2.38
French Polynesia,Food supply quantity (kg/capita/yr),Pigmeat,2020,kg,14.32
French Polynesia,Food supply quantity (kg/capita/yr),Poultry Meat,2020,kg,48.8
French Polynesia,Food supply quantity (kg/capita/yr),"Meat, Other",2020,kg,1.31
Gabon,Food supply quantity (kg/capita/yr),Bovine Meat,2020,kg,4.69
Gabon,Food supply quantity (kg/capita/yr),Mutton & Goat Meat,2020,kg,0.59
Gabon,Food supply quantity (kg/capita/yr),Pigmeat,2020,kg,8.29
Gabon,Food supply quantity (kg/capita/yr),Poultry Meat,2020,kg,39.73
Gabon,Food supply quantity (kg/capita/yr),"Meat, Other",2020,kg,13.7
Gambia,Food supply quantity (kg/capita/yr),Bovine Meat,2020,kg,3.42
Gambia,Food supply quantity (kg/capita/yr),Mutton & Goat Meat,2020,kg,0.56
Gambia,Food supply quantity (kg/capita/yr),Pigmeat,2020,kg,0.28
Gambia,Food supply quantity (kg/capita/yr),Poultry Meat,2020,kg,10.61
Gambia,Food supply quantity (kg/capita/yr),"Meat, Other",2020,kg,0.58
Georgia,Food supply quantity (kg/capita/yr),Bovine Meat,2020,kg,5.79
Georgia,Food supply quantity (kg/capita/yr),Mutton & Goat Meat,2020,kg,1.23
Georgia,Food supply quantity (kg/capita/yr),Pigmeat,2020,kg,9.28
Georgia,Food supply quantity (kg/capita/yr),Poultry Meat,2020,kg,18.23
Georgia,Food supply quantity (kg/capita/yr),"Meat, Other",2020,kg,0.56
Germany,Food supply quantity (kg/capita/yr),Bovine Meat,2020,kg,14.62
Germany,Food supply quantity (kg/capita/yr),Mutton & Goat Meat,2020,kg,0.96
Germany,Food supply quantity (kg/capita/yr),Pigmeat,2020,kg,44.01
Germany,Food supply quantity (kg/capita/yr),Poultry Meat,2020,kg,18.34
Germany,Food supply quantity (kg/capita/yr),"Meat, Other",2020,kg,0.83
Ghana,Food supply quantity (kg/capita/yr),Bovine Meat,2020,kg,1.55
Ghana,Food supply quantity (kg/capita/yr),Mutton & Goat Meat,2020,kg,1.8
Ghana,Food supply quantity (kg/capita/yr),Pigmeat,2020,kg,1.17
Ghana,Food supply quantity (kg/capita/yr),Poultry Meat,2020,kg,11.57
Ghana,Food supply quantity (kg/capita/yr),"Meat, Other",2020,kg,2.44
Greece,Food supply quantity (kg/capita/yr),Bovine Meat,2020,kg,14.51
Greece,Food supply quantity (kg/capita/yr),Mutton & Goat Meat,2020,kg,7.56
Greece,Food supply quantity (kg/capita/yr),Pigmeat,2020,kg,25.03
Greece,Food supply quantity (kg/capita/yr),Poultry Meat,2020,kg,25.59
Greece,Food supply quantity (kg/capita/yr),"Meat, Other",2020,kg,1.81
Grenada,Food supply quantity (kg/capita/yr),Bovine Meat,2020,kg,4.09
Grenada,Food supply quantity (kg/capita/yr),Mutton & Goat Meat,2020,kg,1.4
Grenada,Food supply quantity (kg/capita/yr),Pigmeat,2020,kg,14.61
Grenada,Food supply quantity (kg/capita/yr),Poultry Meat,2020,kg,37.42
Grenada,Food supply quantity (kg/capita/yr),"Meat, Other",2020,kg,0
Guatemala,Food supply quantity (kg/capita/yr),Bovine Meat,2020,kg,11.65
Guatemala,Food supply quantity (kg/capita/yr),Mutton & Goat Meat,2020,kg,0.13
Guatemala,Food supply quantity (kg/capita/yr),Pigmeat,2020,kg,3.64
Guatemala,Food supply quantity (kg/capita/yr),Poultry Meat,2020,kg,28.68
Guatemala,Food supply quantity (kg/capita/yr),"Meat, Other",2020,kg,0.14
Guinea,Food supply quantity (kg/capita/yr),Bovine Meat,2020,kg,8.22
Guinea,Food supply quantity (kg/capita/yr),Mutton & Goat Meat,2020,kg,2.31
Guinea,Food supply quantity (kg/capita/yr),Pigmeat,2020,kg,0.22
Guinea,Food supply quantity (kg/capita/yr),Poultry Meat,2020,kg,2.67
Guinea,Food supply quantity (kg/capita/yr),"Meat, Other",2020,kg,0.48
Guinea-Bissau,Food supply quantity (kg/capita/yr),Bovine Meat,2020,kg,3.71
Guinea-Bissau,Food supply quantity (kg/capita/yr),Mutton & Goat Meat,2020,kg,1.29
Guinea-Bissau,Food supply quantity (kg/capita/yr),Pigmeat,2020,kg,7.23
Guinea-Bissau,Food supply quantity (kg/capita/yr),Poultry Meat,2020,kg,3.1
Guinea-Bissau,Food supply quantity (kg/capita/yr),"Meat, Other",2020,kg,0
Guyana,Food supply quantity (kg/capita/yr),Bovine Meat,2020,kg,4.18
Guyana,Food supply quantity (kg/capita/yr),Mutton & Goat Meat,2020,kg,1.08
Guyana,Food supply quantity (kg/capita/yr),Pigmeat,2020,kg,5.02
Guyana,Food supply quantity (kg/capita/yr),Poultry Meat,2020,kg,41.39
Guyana,Food supply quantity (kg/capita/yr),"Meat, Other",2020,kg,0.13
Haiti,Food supply quantity (kg/capita/yr),Bovine Meat,2020,kg,4.24
Haiti,Food supply quantity (kg/capita/yr),Mutton & Goat Meat,2020,kg,0.54
Haiti,Food supply quantity (kg/capita/yr),Pigmeat,2020,kg,4.03
Haiti,Food supply quantity (kg/capita/yr),Poultry Meat,2020,kg,10.85
Haiti,Food supply quantity (kg/capita/yr),"Meat, Other",2020,kg,0.37
Honduras,Food supply quantity (kg/capita/yr),Bovine Meat,2020,kg,6.03
Honduras,Food supply quantity (kg/capita/yr),Mutton & Goat Meat,2020,kg,0.03
Honduras,Food supply quantity (kg/capita/yr),Pigmeat,2020,kg,5.04
Honduras,Food supply quantity (kg/capita/yr),Poultry Meat,2020,kg,21.62
Honduras,Food supply quantity (kg/capita/yr),"Meat, Other",2020,kg,0.1
Hungary,Food supply quantity (kg/capita/yr),Bovine Meat,2020,kg,4.55
Hungary,Food supply quantity (kg/capita/yr),Mutton & Goat Meat,2020,kg,0.08
Hungary,Food supply quantity (kg/capita/yr),Pigmeat,2020,kg,48.3
Hungary,Food supply quantity (kg/capita/yr),Poultry Meat,2020,kg,29.76
Hungary,Food supply quantity (kg/capita/yr),"Meat, Other",2020,kg,0.24
Iceland,Food supply quantity (kg/capita/yr),Bovine Meat,2020,kg,14
Iceland,Food supply quantity (kg/capita/yr),Mutton & Goat Meat,2020,kg,21.75
Iceland,Food supply quantity (kg/capita/yr),Pigmeat,2020,kg,21.8
Iceland,Food supply quantity (kg/capita/yr),Poultry Meat,2020,kg,30.03
Iceland,Food supply quantity (kg/capita/yr),"Meat, Other",2020,kg,2.66
India,Food supply quantity (kg/capita/yr),Bovine Meat,2020,kg,1.14
India,Food supply quantity (kg/capita/yr),Mutton & Goat Meat,2020,kg,0.6
India,Food supply quantity (kg/capita/yr),Pigmeat,2020,kg,0.24
India,Food supply quantity (kg/capita/yr),Poultry Meat,2020,kg,2.6
India,Food supply quantity (kg/capita/yr),"Meat, Other",2020,kg,0
Indonesia,Food supply quantity (kg/capita/yr),Bovine Meat,2020,kg,2.8
Indonesia,Food supply quantity (kg/capita/yr),Mutton & Goat Meat,2020,kg,0.5
Indonesia,Food supply quantity (kg/capita/yr),Pigmeat,2020,kg,0.89
Indonesia,Food supply quantity (kg/capita/yr),Poultry Meat,2020,kg,13.69
Indonesia,Food supply quantity (kg/capita/yr),"Meat, Other",2020,kg,0.01
Iran (Islamic Republic of),Food supply quantity (kg/capita/yr),Bovine Meat,2020,kg,7.55
Iran (Islamic Republic of),Food supply quantity (kg/capita/yr),Mutton & Goat Meat,2020,kg,4.36
Iran (Islamic Republic of),Food supply quantity (kg/capita/yr),Pigmeat,2020,kg,0
Iran (Islamic Republic of),Food supply quantity (kg/capita/yr),Poultry Meat,2020,kg,25.99
Iran (Islamic Republic of),Food supply quantity (kg/capita/yr),"Meat, Other",2020,kg,0.11
Iraq,Food supply quantity (kg/capita/yr),Bovine Meat,2020,kg,3.08
Iraq,Food supply quantity (kg/capita/yr),Mutton & Goat Meat,2020,kg,1.67
Iraq,Food supply quantity (kg/capita/yr),Pigmeat,2020,kg,0
Iraq,Food supply quantity (kg/capita/yr),Poultry Meat,2020,kg,5.38
Iraq,Food supply quantity (kg/capita/yr),"Meat, Other",2020,kg,0.05
Ireland,Food supply quantity (kg/capita/yr),Bovine Meat,2020,kg,19.82
Ireland,Food supply quantity (kg/capita/yr),Mutton & Goat Meat,2020,kg,2.99
Ireland,Food supply quantity (kg/capita/yr),Pigmeat,2020,kg,31.11
Ireland,Food supply quantity (kg/capita/yr),Poultry Meat,2020,kg,24.72
Ireland,Food supply quantity (kg/capita/yr),"Meat, Other",2020,kg,0.56
Israel,Food supply quantity (kg/capita/yr),Bovine Meat,2020,kg,27.18
Israel,Food supply quantity (kg/capita/yr),Mutton & Goat Meat,2020,kg,1.7
Israel,Food supply quantity (kg/capita/yr),Pigmeat,2020,kg,1.55
Israel,Food supply quantity (kg/capita/yr),Poultry Meat,2020,kg,68.93
Israel,Food supply quantity (kg/capita/yr),"Meat, Other",2020,kg,0.01
Italy,Food supply quantity (kg/capita/yr),Bovine Meat,2020,kg,15.86
Italy,Food supply quantity (kg/capita/yr),Mutton & Goat Meat,2020,kg,0.76
Italy,Food supply quantity (kg/capita/yr),Pigmeat,2020,kg,32.88
Italy,Food supply quantity (kg/capita/yr),Poultry Meat,2020,kg,19.62
Italy,Food supply quantity (kg/capita/yr),"Meat, Other",2020,kg,1.07
Jamaica,Food supply quantity (kg/capita/yr),Bovine Meat,2020,kg,3.83
Jamaica,Food supply quantity (kg/capita/yr),Mutton & Goat Meat,2020,kg,0.71
Jamaica,Food supply quantity (kg/capita/yr),Pigmeat,2020,kg,3.05
Jamaica,Food supply quantity (kg/capita/yr),Poultry Meat,2020,kg,53.91
Jamaica,Food supply quantity (kg/capita/yr),"Meat, Other",2020,kg,0.02
Japan,Food supply quantity (kg/capita/yr),Bovine Meat,2020,kg,9.56
Japan,Food supply quantity (kg/capita/yr),Mutton & Goat Meat,2020,kg,0.15
Japan,Food supply quantity (kg/capita/yr),Pigmeat,2020,kg,21.33
Japan,Food supply quantity (kg/capita/yr),Poultry Meat,2020,kg,22.28
Japan,Food supply quantity (kg/capita/yr),"Meat, Other",2020,kg,0.1
Jordan,Food supply quantity (kg/capita/yr),Bovine Meat,2020,kg,6.82
Jordan,Food supply quantity (kg/capita/yr),Mutton & Goat Meat,2020,kg,4.69
Jordan,Food supply quantity (kg/capita/yr),Pigmeat,2020,kg,0.01
Jordan,Food supply quantity (kg/capita/yr),Poultry Meat,2020,kg,26.09
Jordan,Food supply quantity (kg/capita/yr),"Meat, Other",2020,kg,0.07
Kazakhstan,Food supply quantity (kg/capita/yr),Bovine Meat,2020,kg,26.58
Kazakhstan,Food supply quantity (kg/capita/yr),Mutton & Goat Meat,2020,kg,9.17
Kazakhstan,Food supply quantity (kg/capita/yr),Pigmeat,2020,kg,8.21
Kazakhstan,Food supply quantity (kg/capita/yr),Poultry Meat,2020,kg,21.24
Kazakhstan,Food supply quantity (kg/capita/yr),"Meat, Other",2020,kg,6.7
Kenya,Food supply quantity (kg/capita/yr),Bovine Meat,2020,kg,4.53
Kenya,Food supply quantity (kg/capita/yr),Mutton & Goat Meat,2020,kg,2.75
Kenya,Food supply quantity (kg/capita/yr),Pigmeat,2020,kg,0.41
Kenya,Food supply quantity (kg/capita/yr),Poultry Meat,2020,kg,1.31
Kenya,Food supply quantity (kg/capita/yr),"Meat, Other",2020,kg,1.73
Kiribati,Food supply quantity (kg/capita/yr),Bovine Meat,2020,kg,1.92
Kiribati,Food supply quantity (kg/capita/yr),Mutton & Goat Meat,2020,kg,0.12
Kiribati,Food supply quantity (kg/capita/yr),Pigmeat,2020,kg,10.34
Kiribati,Food supply quantity (kg/capita/yr),Poultry Meat,2020,kg,26.63
Kiribati,Food supply quantity (kg/capita/yr),"Meat, Other",2020,kg,0.17
Kuwait,Food supply quantity (kg/capita/yr),Bovine Meat,2020,kg,9.39
Kuwait,Food supply quantity (kg/capita/yr),Mutton & Goat Meat,2020,kg,14.06
Kuwait,Food supply quantity (kg/capita/yr),Pigmeat,2020,kg,0
Kuwait,Food supply quantity (kg/capita/yr),Poultry Meat,2020,kg,46.55
Kuwait,Food supply quantity (kg/capita/yr),"Meat, Other",2020,kg,2.67
Kyrgyzstan,Food supply quantity (kg/capita/yr),Bovine Meat,2020,kg,14.85
Kyrgyzstan,Food supply quantity (kg/capita/yr),Mutton & Goat Meat,2020,kg,8.45
Kyrgyzstan,Food supply quantity (kg/capita/yr),Pigmeat,2020,kg,2.12
Kyrgyzstan,Food supply quantity (kg/capita/yr),Poultry Meat,2020,kg,5.15
Kyrgyzstan,Food supply quantity (kg/capita/yr),"Meat, Other",2020,kg,1.52
Lao People's Democratic Republic,Food supply quantity (kg/capita/yr),Bovine Meat,2020,kg,8.37
Lao People's Democratic Republic,Food supply quantity (kg/capita/yr),Mutton & Goat Meat,2020,kg,0.38
Lao People's Democratic Republic,Food supply quantity (kg/capita/yr),Pigmeat,2020,kg,13.52
Lao People's Democratic Republic,Food supply quantity (kg/capita/yr),Poultry Meat,2020,kg,6.58
Lao People's Democratic Republic,Food supply quantity (kg/capita/yr),"Meat, Other",2020,kg,0.14
Latvia,Food supply quantity (kg/capita/yr),Bovine Meat,2020,kg,5.3
Latvia,Food supply quantity (kg/capita/yr),Mutton & Goat Meat,2020,kg,0.4
Latvia,Food supply quantity (kg/capita/yr),Pigmeat,2020,kg,38.44
Latvia,Food supply quantity (kg/capita/yr),Poultry Meat,2020,kg,26.23
Latvia,Food supply quantity (kg/capita/yr),"Meat, Other",2020,kg,0.38
Lebanon,Food supply quantity (kg/capita/yr),Bovine Meat,2020,kg,9.22
Lebanon,Food supply quantity (kg/capita/yr),Mutton & Goat Meat,2020,kg,1.14
Lebanon,Food supply quantity (kg/capita/yr),Pigmeat,2020,kg,0.55
Lebanon,Food supply quantity (kg/capita/yr),Poultry Meat,2020,kg,18.58
Lebanon,Food supply quantity (kg/capita/yr),"Meat, Other",2020,kg,0
Lesotho,Food supply quantity (kg/capita/yr),Bovine Meat,2020,kg,1.96
Lesotho,Food supply quantity (kg/capita/yr),Mutton & Goat Meat,2020,kg,0.44
Lesotho,Food supply quantity (kg/capita/yr),Pigmeat,2020,kg,3.79
Lesotho,Food supply quantity (kg/capita/yr),Poultry Meat,2020,kg,2.1
Lesotho,Food supply quantity (kg/capita/yr),"Meat, Other",2020,kg,3.41
Liberia,Food supply quantity (kg/capita/yr),Bovine Meat,2020,kg,0.42
Liberia,Food supply quantity (kg/capita/yr),Mutton & Goat Meat,2020,kg,0.45
Liberia,Food supply quantity (kg/capita/yr),Pigmeat,2020,kg,5.29
Liberia,Food supply quantity (kg/capita/yr),Poultry Meat,2020,kg,11.32
Liberia,Food supply quantity (kg/capita/yr),"Meat, Other",2020,kg,1.61
Libya,Food supply quantity (kg/capita/yr),Bovine Meat,2020,kg,2.9
Libya,Food supply quantity (kg/capita/yr),Mutton & Goat Meat,2020,kg,5.78
Libya,Food supply quantity (kg/capita/yr),Pigmeat,2020,kg,0.02
Libya,Food supply quantity (kg/capita/yr),Poultry Meat,2020,kg,32.84
Libya,Food supply quantity (kg/capita/yr),"Meat, Other",2020,kg,0.67
Lithuania,Food supply quantity (kg/capita/yr),Bovine Meat,2020,kg,5.86
Lithuania,Food supply quantity (kg/capita/yr),Mutton & Goat Meat,2020,kg,0.48
Lithuania,Food supply quantity (kg/capita/yr),Pigmeat,2020,kg,50.69
Lithuania,Food supply quantity (kg/capita/yr),Poultry Meat,2020,kg,33.27
Lithuania,Food supply quantity (kg/capita/yr),"Meat, Other",2020,kg,0.58
Luxembourg,Food supply quantity (kg/capita/yr),Bovine Meat,2020,kg,25.7
Luxembourg,Food supply quantity (kg/capita/yr),Mutton & Goat Meat,2020,kg,1.14
Luxembourg,Food supply quantity (kg/capita/yr),Pigmeat,2020,kg,33.14
Luxembourg,Food supply quantity (kg/capita/yr),Poultry Meat,2020,kg,18.09
Luxembourg,Food supply quantity (kg/capita/yr),"Meat, Other",2020,kg,0.87
Madagascar,Food supply quantity (kg/capita/yr),Bovine Meat,2020,kg,1.26
Madagascar,Food supply quantity (kg/capita/yr),Mutton & Goat Meat,2020,kg,0.16
Madagascar,Food supply quantity (kg/capita/yr),Pigmeat,2020,kg,0.98
Madagascar,Food supply quantity (kg/capita/yr),Poultry Meat,2020,kg,3.13
Madagascar,Food supply quantity (kg/capita/yr),"Meat, Other",2020,kg,0.3
Malawi,Food supply quantity (kg/capita/yr),Bovine Meat,2020,kg,2.91
Malawi,Food supply quantity (kg/capita/yr),Mutton & Goat Meat,2020,kg,3.11
Malawi,Food supply quantity (kg/capita/yr),Pigmeat,2020,kg,11.84
Malawi,Food supply quantity (kg/capita/yr),Poultry Meat,2020,kg,5.72
Malawi,Food supply quantity (kg/capita/yr),"Meat, Other",2020,kg,0
Malaysia,Food supply quantity (kg/capita/yr),Bovine Meat,2020,kg,6.02
Malaysia,Food supply quantity (kg/capita/yr),Mutton & Goat Meat,2020,kg,1
Malaysia,Food supply quantity (kg/capita/yr),Pigmeat,2020,kg,7.44
Malaysia,Food supply quantity (kg/capita/yr),Poultry Meat,2020,kg,50.24
Malaysia,Food supply quantity (kg/capita/yr),"Meat, Other",2020,kg,0.02
Maldives,Food supply quantity (kg/capita/yr),Bovine Meat,2020,kg,5.91
Maldives,Food supply quantity (kg/capita/yr),Mutton & Goat Meat,2020,kg,0.65
Maldives,Food supply quantity (kg/capita/yr),Pigmeat,2020,kg,0.36
Maldives,Food supply quantity (kg/capita/yr),Poultry Meat,2020,kg,11.03
Maldives,Food supply quantity (kg/capita/yr),"Meat, Other",2020,kg,0.15
Mali,Food supply quantity (kg/capita/yr),Bovine Meat,2020,kg,3.55
Mali,Food supply quantity (kg/capita/yr),Mutton & Goat Meat,2020,kg,1.04
Mali,Food supply quantity (kg/capita/yr),Pigmeat,2020,kg,0.05
Mali,Food supply quantity (kg/capita/yr),Poultry Meat,2020,kg,2.37
Mali,Food supply quantity (kg/capita/yr),"Meat, Other",2020,kg,1.55
Malta,Food supply quantity (kg/capita/yr),Bovine Meat,2020,kg,26.39
Malta,Food supply quantity (kg/capita/yr),Mutton & Goat Meat,2020,kg,1.14
Malta,Food supply quantity (kg/capita/yr),Pigmeat,2020,kg,25.84
Malta,Food supply quantity (kg/capita/yr),Poultry Meat,2020,kg,25.16
Malta,Food supply quantity (kg/capita/yr),"Meat, Other",2020,kg,0.61
Mauritania,Food supply quantity (kg/capita/yr),Bovine Meat,2020,kg,6.35
Mauritania,Food supply quantity (kg/capita/yr),Mutton & Goat Meat,2020,kg,12.16
Mauritania,Food supply quantity (kg/capita/yr),Pigmeat,2020,kg,0.01
Mauritania,Food supply quantity (kg/capita/yr),Poultry Meat,2020,kg,6.29
Mauritania,Food supply quantity (kg/capita/yr),"Meat, Other",2020,kg,6.28
Mauritius,Food supply quantity (kg/capita/yr),Bovine Meat,2020,kg,4.47
Mauritius,Food supply quantity (kg/capita/yr),Mutton & Goat Meat,2020,kg,3.39
Mauritius,Food supply quantity (kg/capita/yr),Pigmeat,2020,kg,3.18
Mauritius,Food supply quantity (kg/capita/yr),Poultry Meat,2020,kg,38.69
Mauritius,Food supply quantity (kg/capita/yr),"Meat, Other",2020,kg,0.81
Mexico,Food supply quantity (kg/capita/yr),Bovine Meat,2020,kg,14.59
Mexico,Food supply quantity (kg/capita/yr),Mutton & Goat Meat,2020,kg,0.82
Mexico,Food supply quantity (kg/capita/yr),Pigmeat,2020,kg,19.08
Mexico,Food supply quantity (kg/capita/yr),Poultry Meat,2020,kg,35.93
Mexico,Food supply quantity (kg/capita/yr),"Meat, Other",2020,kg,0.63
Micronesia (Federated States of),Food supply quantity (kg/capita/yr),Bovine Meat,2020,kg,4.85
Micronesia (Federated States of),Food supply quantity (kg/capita/yr),Mutton & Goat Meat,2020,kg,0.19
Micronesia (Federated States of),Food supply quantity (kg/capita/yr),Pigmeat,2020,kg,16.15
Micronesia (Federated States of),Food supply quantity (kg/capita/yr),Poultry Meat,2020,kg,38.15
Micronesia (Federated States of),Food supply quantity (kg/capita/yr),"Meat, Other",2020,kg,0.01
Mongolia,Food supply quantity (kg/capita/yr),Bovine Meat,2020,kg,26.56
Mongolia,Food supply quantity (kg/capita/yr),Mutton & Goat Meat,2020,kg,66.33
Mongolia,Food supply quantity (kg/capita/yr),Pigmeat,2020,kg,0.61
Mongolia,Food supply quantity (kg/capita/yr),Poultry Meat,2020,kg,2.97
Mongolia,Food supply quantity (kg/capita/yr),"Meat, Other",2020,kg,15.1
Montenegro,Food supply quantity (kg/capita/yr),Bovine Meat,2020,kg,14.99
Montenegro,Food supply quantity (kg/capita/yr),Mutton & Goat Meat,2020,kg,1.97
Montenegro,Food supply quantity (kg/capita/yr),Pigmeat,2020,kg,43.24
Montenegro,Food supply quantity (kg/capita/yr),Poultry Meat,2020,kg,17.08
Montenegro,Food supply quantity (kg/capita/yr),"Meat, Other",2020,kg,0.15
Morocco,Food supply quantity (kg/capita/yr),Bovine Meat,2020,kg,7.73
Morocco,Food supply quantity (kg/capita/yr),Mutton & Goat Meat,2020,kg,5.16
Morocco,Food supply quantity (kg/capita/yr),Pigmeat,2020,kg,0.02
Morocco,Food supply quantity (kg/capita/yr),Poultry Meat,2020,kg,23.99
Morocco,Food supply quantity (kg/capita/yr),"Meat, Other",2020,kg,1.71
Mozambique,Food supply quantity (kg/capita/yr),Bovine Meat,2020,kg,0.56
Mozambique,Food supply quantity (kg/capita/yr),Mutton & Goat Meat,2020,kg,0.07
Mozambique,Food supply quantity (kg/capita/yr),Pigmeat,2020,kg,3.09
Mozambique,Food supply quantity (kg/capita/yr),Poultry Meat,2020,kg,3.83
Mozambique,Food supply quantity (kg/capita/yr),"Meat, Other",2020,kg,0.01
Myanmar,Food supply quantity (kg/capita/yr),Bovine Meat,2020,kg,9.31
Myanmar,Food supply quantity (kg/capita/yr),Mutton & Goat Meat,2020,kg,1.74
Myanmar,Food supply quantity (kg/capita/yr),Pigmeat,2020,kg,20.1
Myanmar,Food supply quantity (kg/capita/yr),Poultry Meat,2020,kg,29.85
Myanmar,Food supply quantity (kg/capita/yr),"Meat, Other",2020,kg,0
Namibia,Food supply quantity (kg/capita/yr),Bovine Meat,2020,kg,8.8
Namibia,Food supply quantity (kg/capita/yr),Mutton & Goat Meat,2020,kg,4.16
Namibia,Food supply quantity (kg/capita/yr),Pigmeat,2020,kg,4.45
Namibia,Food supply quantity (kg/capita/yr),Poultry Meat,2020,kg,10.21
Namibia,Food supply quantity (kg/capita/yr),"Meat, Other",2020,kg,4.78
Nauru,Food supply quantity (kg/capita/yr),Bovine Meat,2020,kg,19.09
Nauru,Food supply quantity (kg/capita/yr),Mutton & Goat Meat,2020,kg,3.39
Nauru,Food supply quantity (kg/capita/yr),Pigmeat,2020,kg,28.17
Nauru,Food supply quantity (kg/capita/yr),Poultry Meat,2020,kg,51.01
Nauru,Food supply quantity (kg/capita/yr),"Meat, Other",2020,kg,3.47
Nepal,Food supply quantity (kg/capita/yr),Bovine Meat,2020,kg,8.23
Nepal,Food supply quantity (kg/capita/yr),Mutton & Goat Meat,2020,kg,2.67
Nepal,Food supply quantity (kg/capita/yr),Pigmeat,2020,kg,1.01
Nepal,Food supply quantity (kg/capita/yr),Poultry Meat,2020,kg,2.25
Nepal,Food supply quantity (kg/capita/yr),"Meat, Other",2020,kg,0
Netherlands,Food supply quantity (kg/capita/yr),Bovine Meat,2020,kg,16.21
Netherlands,Food supply quantity (kg/capita/yr),Mutton & Goat Meat,2020,kg,1.11
Netherlands,Food supply quantity (kg/capita/yr),Pigmeat,2020,kg,27.71
Netherlands,Food supply quantity (kg/capita/yr),Poultry Meat,2020,kg,9.99
Netherlands,Food supply quantity (kg/capita/yr),"Meat, Other",2020,kg,4.12
New Caledonia,Food supply quantity (kg/capita/yr),Bovine Meat,2020,kg,17.66
New Caledonia,Food supply quantity (kg/capita/yr),Mutton & Goat Meat,2020,kg,1.27
New Caledonia,Food supply quantity (kg/capita/yr),Pigmeat,2020,kg,17.35
New Caledonia,Food supply quantity (kg/capita/yr),Poultry Meat,2020,kg,40.94
New Caledonia,Food supply quantity (kg/capita/yr),"Meat, Other",2020,kg,1.06
New Zealand,Food supply quantity (kg/capita/yr),Bovine Meat,2020,kg,18.62
New Zealand,Food supply quantity (kg/capita/yr),Mutton & Goat Meat,2020,kg,12.93
New Zealand,Food supply quantity (kg/capita/yr),Pigmeat,2020,kg,25.15
New Zealand,Food supply quantity (kg/capita/yr),Poultry Meat,2020,kg,25.99
New Zealand,Food supply quantity (kg/capita/yr),"Meat, Other",2020,kg,2.34
Nicaragua,Food supply quantity (kg/capita/yr),Bovine Meat,2020,kg,2.16
Nicaragua,Food supply quantity (kg/capita/yr),Mutton & Goat Meat,2020,kg,0.01
Nicaragua,Food supply quantity (kg/capita/yr),Pigmeat,2020,kg,5.3
Nicaragua,Food supply quantity (kg/capita/yr),Poultry Meat,2020,kg,21.8
Nicaragua,Food supply quantity (kg/capita/yr),"Meat, Other",2020,kg,0.35
Niger,Food supply quantity (kg/capita/yr),Bovine Meat,2020,kg,2.84
Niger,Food supply quantity (kg/capita/yr),Mutton & Goat Meat,2020,kg,2.18
Niger,Food supply quantity (kg/capita/yr),Pigmeat,2020,kg,0.06
Niger,Food supply quantity (kg/capita/yr),Poultry Meat,2020,kg,1.01
Niger,Food supply quantity (kg/capita/yr),"Meat, Other",2020,kg,2.2
Nigeria,Food supply quantity (kg/capita/yr),Bovine Meat,2020,kg,1.58
Nigeria,Food supply quantity (kg/capita/yr),Mutton & Goat Meat,2020,kg,2
Nigeria,Food supply quantity (kg/capita/yr),Pigmeat,2020,kg,1.47
Nigeria,Food supply quantity (kg/capita/yr),Poultry Meat,2020,kg,1.16
Nigeria,Food supply quantity (kg/capita/yr),"Meat, Other",2020,kg,0.83
North Macedonia,Food supply quantity (kg/capita/yr),Bovine Meat,2020,kg,6.84
North Macedonia,Food supply quantity (kg/capita/yr),Mutton & Goat Meat,2020,kg,0.62
North Macedonia,Food supply quantity (kg/capita/yr),Pigmeat,2020,kg,12.62
North Macedonia,Food supply quantity (kg/capita/yr),Poultry Meat,2020,kg,20
North Macedonia,Food supply quantity (kg/capita/yr),"Meat, Other",2020,kg,0.26
Norway,Food supply quantity (kg/capita/yr),Bovine Meat,2020,kg,17.81
Norway,Food supply quantity (kg/capita/yr),Mutton & Goat Meat,2020,kg,4.6
Norway,Food supply quantity (kg/capita/yr),Pigmeat,2020,kg,23.65
Norway,Food supply quantity (kg/capita/yr),Poultry Meat,2020,kg,19.99
Norway,Food supply quantity (kg/capita/yr),"Meat, Other",2020,kg,1.18
Oman,Food supply quantity (kg/capita/yr),Bovine Meat,2020,kg,9.04
Oman,Food supply quantity (kg/capita/yr),Mutton & Goat Meat,2020,kg,11.24
Oman,Food supply quantity (kg/capita/yr),Pigmeat,2020,kg,0.36
Oman,Food supply quantity (kg/capita/yr),Poultry Meat,2020,kg,19.66
Oman,Food supply quantity (kg/capita/yr),"Meat, Other",2020,kg,3.08
Pakistan,Food supply quantity (kg/capita/yr),Bovine Meat,2020,kg,9.83
Pakistan,Food supply quantity (kg/capita/yr),Mutton & Goat Meat,2020,kg,2.59
Pakistan,Food supply quantity (kg/capita/yr),Pigmeat,2020,kg,0
Pakistan,Food supply quantity (kg/capita/yr),Poultry Meat,2020,kg,6.15
Pakistan,Food supply quantity (kg/capita/yr),"Meat, Other",2020,kg,0.02
Panama,Food supply quantity (kg/capita/yr),Bovine Meat,2020,kg,14.5
Panama,Food supply quantity (kg/capita/yr),Mutton & Goat Meat,2020,kg,0.01
Panama,Food supply quantity (kg/capita/yr),Pigmeat,2020,kg,15.91
Panama,Food supply quantity (kg/capita/yr),Poultry Meat,2020,kg,55.37
Panama,Food supply quantity (kg/capita/yr),"Meat, Other",2020,kg,1
Papua New Guinea,Food supply quantity (kg/capita/yr),Bovine Meat,2020,kg,0.8
Papua New Guinea,Food supply quantity (kg/capita/yr),Mutton & Goat Meat,2020,kg,1.48
Papua New Guinea,Food supply quantity (kg/capita/yr),Pigmeat,2020,kg,9.91
Papua New Guinea,Food supply quantity (kg/capita/yr),Poultry Meat,2020,kg,3.87
Papua New Guinea,Food supply quantity (kg/capita/yr),"Meat, Other",2020,kg,46.31
Paraguay,Food supply quantity (kg/capita/yr),Bovine Meat,2020,kg,21.87
Paraguay,Food supply quantity (kg/capita/yr),Mutton & Goat Meat,2020,kg,0.36
Paraguay,Food supply quantity (kg/capita/yr),Pigmeat,2020,kg,8.83
Paraguay,Food supply quantity (kg/capita/yr),Poultry Meat,2020,kg,9.62
Paraguay,Food supply quantity (kg/capita/yr),"Meat, Other",2020,kg,0.19
Peru,Food supply quantity (kg/capita/yr),Bovine Meat,2020,kg,4.2
Peru,Food supply quantity (kg/capita/yr),Mutton & Goat Meat,2020,kg,0.77
Peru,Food supply quantity (kg/capita/yr),Pigmeat,2020,kg,4.53
Peru,Food supply quantity (kg/capita/yr),Poultry Meat,2020,kg,42.69
Peru,Food supply quantity (kg/capita/yr),"Meat, Other",2020,kg,1.16
Philippines,Food supply quantity (kg/capita/yr),Bovine Meat,2020,kg,3.08
Philippines,Food supply quantity (kg/capita/yr),Mutton & Goat Meat,2020,kg,0.29
Philippines,Food supply quantity (kg/capita/yr),Pigmeat,2020,kg,14.51
Philippines,Food supply quantity (kg/capita/yr),Poultry Meat,2020,kg,15.85
Philippines,Food supply quantity (kg/capita/yr),"Meat, Other",2020,kg,0.01
Poland,Food supply quantity (kg/capita/yr),Bovine Meat,2020,kg,1.54
Poland,Food supply quantity (kg/capita/yr),Mutton & Goat Meat,2020,kg,0.03
Poland,Food supply quantity (kg/capita/yr),Pigmeat,2020,kg,54.95
Poland,Food supply quantity (kg/capita/yr),Poultry Meat,2020,kg,32.89
Poland,Food supply quantity (kg/capita/yr),"Meat, Other",2020,kg,0.11
Portugal,Food supply quantity (kg/capita/yr),Bovine Meat,2020,kg,18.75
Portugal,Food supply quantity (kg/capita/yr),Mutton & Goat Meat,2020,kg,2.13
Portugal,Food supply quantity (kg/capita/yr),Pigmeat,2020,kg,38.09
Portugal,Food supply quantity (kg/capita/yr),Poultry Meat,2020,kg,30.57
Portugal,Food supply quantity (kg/capita/yr),"Meat, Other",2020,kg,0.67
Qatar,Food supply quantity (kg/capita/yr),Bovine Meat,2020,kg,8.35
Qatar,Food supply quantity (kg/capita/yr),Mutton & Goat Meat,2020,kg,11.61
Qatar,Food supply quantity (kg/capita/yr),Pigmeat,2020,kg,1.17
Qatar,Food supply quantity (kg/capita/yr),Poultry Meat,2020,kg,54.28
Qatar,Food supply quantity (kg/capita/yr),"Meat, Other",2020,kg,0.45
Republic of Korea,Food supply quantity (kg/capita/yr),Bovine Meat,2020,kg,16.9
Republic of Korea,Food supply quantity (kg/capita/yr),Mutton & Goat Meat,2020,kg,0.37
Republic of Korea,Food supply quantity (kg/capita/yr),Pigmeat,2020,kg,38.4
Republic of Korea,Food supply quantity (kg/capita/yr),Poultry Meat,2020,kg,22.76
Republic of Korea,Food supply quantity (kg/capita/yr),"Meat, Other",2020,kg,0.1
Republic of Moldova,Food supply quantity (kg/capita/yr),Bovine Meat,2020,kg,1.92
Republic of Moldova,Food supply quantity (kg/capita/yr),Mutton & Goat Meat,2020,kg,0.16
Republic of Moldova,Food supply quantity (kg/capita/yr),Pigmeat,2020,kg,19.17
Republic of Moldova,Food supply quantity (kg/capita/yr),Poultry Meat,2020,kg,17.2
Republic of Moldova,Food supply quantity (kg/capita/yr),"Meat, Other",2020,kg,0.16
Romania,Food supply quantity (kg/capita/yr),Bovine Meat,2020,kg,5.24
Romania,Food supply quantity (kg/capita/yr),Mutton & Goat Meat,2020,kg,2.58
Romania,Food supply quantity (kg/capita/yr),Pigmeat,2020,kg,34.5
Romania,Food supply quantity (kg/capita/yr),Poultry Meat,2020,kg,23.93
Romania,Food supply quantity (kg/capita/yr),"Meat, Other",2020,kg,0.15
Russian Federation,Food supply quantity (kg/capita/yr),Bovine Meat,2020,kg,12.87
Russian Federation,Food supply quantity (kg/capita/yr),Mutton & Goat Meat,2020,kg,1.47
Russian Federation,Food supply quantity (kg/capita/yr),Pigmeat,2020,kg,28.2
Russian Federation,Food supply quantity (kg/capita/yr),Poultry Meat,2020,kg,30.78
Russian Federation,Food supply quantity (kg/capita/yr),"Meat, Other",2020,kg,3.59
Rwanda,Food supply quantity (kg/capita/yr),Bovine Meat,2020,kg,2.69
Rwanda,Food supply quantity (kg/capita/yr),Mutton & Goat Meat,2020,kg,1.68
Rwanda,Food supply quantity (kg/capita/yr),Pigmeat,2020,kg,0.97
Rwanda,Food supply quantity (kg/capita/yr),Poultry Meat,2020,kg,1.5
Rwanda,Food supply quantity (kg/capita/yr),"Meat, Other",2020,kg,1.53
Saint Kitts and Nevis,Food supply quantity (kg/capita/yr),Bovine Meat,2020,kg,2.94
Saint Kitts and Nevis,Food supply quantity (kg/capita/yr),Mutton & Goat Meat,2020,kg,2.47
Saint Kitts and Nevis,Food supply quantity (kg/capita/yr),Pigmeat,2020,kg,15.52
Saint Kitts and Nevis,Food supply quantity (kg/capita/yr),Poultry Meat,2020,kg,48.73
Saint Kitts and Nevis,Food supply quantity (kg/capita/yr),"Meat, Other",2020,kg,0.02
Saint Lucia,Food supply quantity (kg/capita/yr),Bovine Meat,2020,kg,3.75
Saint Lucia,Food supply quantity (kg/capita/yr),Mutton & Goat Meat,2020,kg,1.99
Saint Lucia,Food supply quantity (kg/capita/yr),Pigmeat,2020,kg,14.94
Saint Lucia,Food supply quantity (kg/capita/yr),Poultry Meat,2020,kg,57.58
Saint Lucia,Food supply quantity (kg/capita/yr),"Meat, Other",2020,kg,0
Saint Vincent and the Grenadines,Food supply quantity (kg/capita/yr),Bovine Meat,2020,kg,7.82
Saint Vincent and the Grenadines,Food supply quantity (kg/capita/yr),Mutton & Goat Meat,2020,kg,0.66
Saint Vincent and the Grenadines,Food supply quantity (kg/capita/yr),Pigmeat,2020,kg,11.26
Saint Vincent and the Grenadines,Food supply quantity (kg/capita/yr),Poultry Meat,2020,kg,74.65
Saint Vincent and the Grenadines,Food supply quantity (kg/capita/yr),"Meat, Other",2020,kg,0.02
Samoa,Food supply quantity (kg/capita/yr),Bovine Meat,2020,kg,6.91
Samoa,Food supply quantity (kg/capita/yr),Mutton & Goat Meat,2020,kg,3.48
Samoa,Food supply quantity (kg/capita/yr),Pigmeat,2020,kg,12.25
Samoa,Food supply quantity (kg/capita/yr),Poultry Meat,2020,kg,65.65
Samoa,Food supply quantity (kg/capita/yr),"Meat, Other",2020,kg,0.01
Sao Tome and Principe,Food supply quantity (kg/capita/yr),Bovine Meat,2020,kg,1.73
Sao Tome and Principe,Food supply quantity (kg/capita/yr),Mutton & Goat Meat,2020,kg,0.06
Sao Tome and Principe,Food supply quantity (kg/capita/yr),Pigmeat,2020,kg,4.69
Sao Tome and Principe,Food supply quantity (kg/capita/yr),Poultry Meat,2020,kg,17.13
Sao Tome and Principe,Food supply quantity (kg/capita/yr),"Meat, Other",2020,kg,0
Saudi Arabia,Food supply quantity (kg/capita/yr),Bovine Meat,2020,kg,4.41
Saudi Arabia,Food supply quantity (kg/capita/yr),Mutton & Goat Meat,2020,kg,4.77
Saudi Arabia,Food supply quantity (kg/capita/yr),Poultry Meat,2020,kg,42.96
Saudi Arabia,Food supply quantity (kg/capita/yr),"Meat, Other",2020,kg,2.89
Senegal,Food supply quantity (kg/capita/yr),Bovine Meat,2020,kg,4.97
Senegal,Food supply quantity (kg/capita/yr),Mutton & Goat Meat,2020,kg,3.04
Senegal,Food supply quantity (kg/capita/yr),Pigmeat,2020,kg,1.17
Senegal,Food supply quantity (kg/capita/yr),Poultry Meat,2020,kg,7.35
Senegal,Food supply quantity (kg/capita/yr),"Meat, Other",2020,kg,0.64
Serbia,Food supply quantity (kg/capita/yr),Bovine Meat,2020,kg,6.07
Serbia,Food supply quantity (kg/capita/yr),Mutton & Goat Meat,2020,kg,3.72
Serbia,Food supply quantity (kg/capita/yr),Pigmeat,2020,kg,37.33
Serbia,Food supply quantity (kg/capita/yr),Poultry Meat,2020,kg,14.09
Serbia,Food supply quantity (kg/capita/yr),"Meat, Other",2020,kg,0.4
Seychelles,Food supply quantity (kg/capita/yr),Bovine Meat,2020,kg,9.18
Seychelles,Food supply quantity (kg/capita/yr),Mutton & Goat Meat,2020,kg,2.5
Seychelles,Food supply quantity (kg/capita/yr),Pigmeat,2020,kg,13.72
Seychelles,Food supply quantity (kg/capita/yr),Poultry Meat,2020,kg,36.87
Seychelles,Food supply quantity (kg/capita/yr),"Meat, Other",2020,kg,0.18
Sierra Leone,Food supply quantity (kg/capita/yr),Bovine Meat,2020,kg,1.25
Sierra Leone,Food supply quantity (kg/capita/yr),Mutton & Goat Meat,2020,kg,0.46
Sierra Leone,Food supply quantity (kg/capita/yr),Pigmeat,2020,kg,1
Sierra Leone,Food supply quantity (kg/capita/yr),Poultry Meat,2020,kg,5.37
Sierra Leone,Food supply quantity (kg/capita/yr),"Meat, Other",2020,kg,1.4
Slovakia,Food supply quantity (kg/capita/yr),Bovine Meat,2020,kg,5.84
Slovakia,Food supply quantity (kg/capita/yr),Mutton & Goat Meat,2020,kg,0.07
Slovakia,Food supply quantity (kg/capita/yr),Pigmeat,2020,kg,38.82
Slovakia,Food supply quantity (kg/capita/yr),Poultry Meat,2020,kg,16.9
Slovakia,Food supply quantity (kg/capita/yr),"Meat, Other",2020,kg,0.85
Slovenia,Food supply quantity (kg/capita/yr),Bovine Meat,2020,kg,15.25
Slovenia,Food supply quantity (kg/capita/yr),Mutton & Goat Meat,2020,kg,0.82
Slovenia,Food supply quantity (kg/capita/yr),Pigmeat,2020,kg,25.79
Slovenia,Food supply quantity (kg/capita/yr),Poultry Meat,2020,kg,30.36
Slovenia,Food supply quantity (kg/capita/yr),"Meat, Other",2020,kg,0.31
Solomon Islands,Food supply quantity (kg/capita/yr),Bovine Meat,2020,kg,1.76
Solomon Islands,Food supply quantity (kg/capita/yr),Mutton & Goat Meat,2020,kg,0.05
Solomon Islands,Food supply quantity (kg/capita/yr),Pigmeat,2020,kg,4.4
Solomon Islands,Food supply quantity (kg/capita/yr),Poultry Meat,2020,kg,6.14
Solomon Islands,Food supply quantity (kg/capita/yr),"Meat, Other",2020,kg,0.04
South Africa,Food supply quantity (kg/capita/yr),Bovine Meat,2020,kg,17.23
South Africa,Food supply quantity (kg/capita/yr),Mutton & Goat Meat,2020,kg,2.79
South Africa,Food supply quantity (kg/capita/yr),Pigmeat,2020,kg,4.15
South Africa,Food supply quantity (kg/capita/yr),Poultry Meat,2020,kg,34.86
South Africa,Food supply quantity (kg/capita/yr),"Meat, Other",2020,kg,0.74
South Sudan,Food supply quantity (kg/capita/yr),Bovine Meat,2020,kg,12.4
South Sudan,Food supply quantity (kg/capita/yr),Mutton & Goat Meat,2020,kg,3.38
South Sudan,Food supply quantity (kg/capita/yr),Pigmeat,2020,kg,0.01
South Sudan,Food supply quantity (kg/capita/yr),Poultry Meat,2020,kg,4.32
South Sudan,Food supply quantity (kg/capita/yr),"Meat, Other",2020,kg,0.9
Spain,Food supply quantity (kg/capita/yr),Bovine Meat,2020,kg,12.29
Spain,Food supply quantity (kg/capita/yr),Mutton & Goat Meat,2020,kg,1.9
Spain,Food supply quantity (kg/capita/yr),Pigmeat,2020,kg,52.56
Spain,Food supply quantity (kg/capita/yr),Poultry Meat,2020,kg,33.6
Spain,Food supply quantity (kg/capita/yr),"Meat, Other",2020,kg,1.52
Sri Lanka,Food supply quantity (kg/capita/yr),Bovine Meat,2020,kg,1.23
Sri Lanka,Food supply quantity (kg/capita/yr),Mutton & Goat Meat,2020,kg,0.09
Sri Lanka,Food supply quantity (kg/capita/yr),Pigmeat,2020,kg,0.06
Sri Lanka,Food supply quantity (kg/capita/yr),Poultry Meat,2020,kg,10.41
Sri Lanka,Food supply quantity (kg/capita/yr),"Meat, Other",2020,kg,0
Sudan,Food supply quantity (kg/capita/yr),Bovine Meat,2020,kg,7.95
Sudan,Food supply quantity (kg/capita/yr),Mutton & Goat Meat,2020,kg,7.18
Sudan,Food supply quantity (kg/capita/yr),Pigmeat,2020,kg,0
Sudan,Food supply quantity (kg/capita/yr),Poultry Meat,2020,kg,1.85
Sudan,Food supply quantity (kg/capita/yr),"Meat, Other",2020,kg,3.35
Suriname,Food supply quantity (kg/capita/yr),Bovine Meat,2020,kg,4.39
Suriname,Food supply quantity (kg/capita/yr),Mutton & Goat Meat,2020,kg,0.03
Suriname,Food supply quantity (kg/capita/yr),Pigmeat,2020,kg,7.97
Suriname,Food supply quantity (kg/capita/yr),Poultry Meat,2020,kg,49.63
Suriname,Food supply quantity (kg/capita/yr),"Meat, Other",2020,kg,0.25
Sweden,Food supply quantity (kg/capita/yr),Bovine Meat,2020,kg,22.52
Sweden,Food supply quantity (kg/capita/yr),Mutton & Goat Meat,2020,kg,1.29
Sweden,Food supply quantity (kg/capita/yr),Pigmeat,2020,kg,28.61
Sweden,Food supply quantity (kg/capita/yr),Poultry Meat,2020,kg,15.4
Sweden,Food supply quantity (kg/capita/yr),"Meat, Other",2020,kg,0.2
Switzerland,Food supply quantity (kg/capita/yr),Bovine Meat,2020,kg,19.12
Switzerland,Food supply quantity (kg/capita/yr),Mutton & Goat Meat,2020,kg,1.37
Switzerland,Food supply quantity (kg/capita/yr),Pigmeat,2020,kg,27.78
Switzerland,Food supply quantity (kg/capita/yr),Poultry Meat,2020,kg,16.89
Switzerland,Food supply quantity (kg/capita/yr),"Meat, Other",2020,kg,1.07
Syrian Arab Republic,Food supply quantity (kg/capita/yr),Bovine Meat,2020,kg,2.15
Syrian Arab Republic,Food supply quantity (kg/capita/yr),Mutton & Goat Meat,2020,kg,7.15
Syrian Arab Republic,Food supply quantity (kg/capita/yr),Pigmeat,2020,kg,0
Syrian Arab Republic,Food supply quantity (kg/capita/yr),Poultry Meat,2020,kg,6.37
Syrian Arab Republic,Food supply quantity (kg/capita/yr),"Meat, Other",2020,kg,0.11
Tajikistan,Food supply quantity (kg/capita/yr),Bovine Meat,2020,kg,25.78
Tajikistan,Food supply quantity (kg/capita/yr),Mutton & Goat Meat,2020,kg,7.83
Tajikistan,Food supply quantity (kg/capita/yr),Pigmeat,2020,kg,0.09
Tajikistan,Food supply quantity (kg/capita/yr),Poultry Meat,2020,kg,3.52
Tajikistan,Food supply quantity (kg/capita/yr),"Meat, Other",2020,kg,0
Thailand,Food supply quantity (kg/capita/yr),Bovine Meat,2020,kg,1.18
Thailand,Food supply quantity (kg/capita/yr),Mutton & Goat Meat,2020,kg,0.04
Thailand,Food supply quantity (kg/capita/yr),Pigmeat,2020,kg,13.14
Thailand,Food supply quantity (kg/capita/yr),Poultry Meat,2020,kg,11.4
Thailand,Food supply quantity (kg/capita/yr),"Meat, Other",2020,kg,0
Timor-Leste,Food supply quantity (kg/capita/yr),Bovine Meat,2020,kg,1.61
Timor-Leste,Food supply quantity (kg/capita/yr),Mutton & Goat Meat,2020,kg,0.38
Timor-Leste,Food supply quantity (kg/capita/yr),Pigmeat,2020,kg,11.49
Timor-Leste,Food supply quantity (kg/capita/yr),Poultry Meat,2020,kg,9.39
Timor-Leste,Food supply quantity (kg/capita/yr),"Meat, Other",2020,kg,0
Togo,Food supply quantity (kg/capita/yr),Bovine Meat,2020,kg,0.79
Togo,Food supply quantity (kg/capita/yr),Mutton & Goat Meat,2020,kg,1.42
Togo,Food supply quantity (kg/capita/yr),Pigmeat,2020,kg,2.32
Togo,Food supply quantity (kg/capita/yr),Poultry Meat,2020,kg,7.16
Togo,Food supply quantity (kg/capita/yr),"Meat, Other",2020,kg,0.8
Trinidad and Tobago,Food supply quantity (kg/capita/yr),Bovine Meat,2020,kg,5.69
Trinidad and Tobago,Food supply quantity (kg/capita/yr),Mutton & Goat Meat,2020,kg,1.45
Trinidad and Tobago,Food supply quantity (kg/capita/yr),Pigmeat,2020,kg,5.61
Trinidad and Tobago,Food supply quantity (kg/capita/yr),Poultry Meat,2020,kg,63.13
Trinidad and Tobago,Food supply quantity (kg/capita/yr),"Meat, Other",2020,kg,0.06
Tunisia,Food supply quantity (kg/capita/yr),Bovine Meat,2020,kg,3.65
Tunisia,Food supply quantity (kg/capita/yr),Mutton & Goat Meat,2020,kg,5.49
Tunisia,Food supply quantity (kg/capita/yr),Pigmeat,2020,kg,0.01
Tunisia,Food supply quantity (kg/capita/yr),Poultry Meat,2020,kg,17.88
Tunisia,Food supply quantity (kg/capita/yr),"Meat, Other",2020,kg,0.28
Turkey,Food supply quantity (kg/capita/yr),Bovine Meat,2020,kg,15.95
Turkey,Food supply quantity (kg/capita/yr),Mutton & Goat Meat,2020,kg,1.3
Turkey,Food supply quantity (kg/capita/yr),Pigmeat,2020,kg,0
Turkey,Food supply quantity (kg/capita/yr),Poultry Meat,2020,kg,19.99
Turkey,Food supply quantity (kg/capita/yr),"Meat, Other",2020,kg,0.01
Turkmenistan,Food supply quantity (kg/capita/yr),Bovine Meat,2020,kg,22.49
Turkmenistan,Food supply quantity (kg/capita/yr),Mutton & Goat Meat,2020,kg,20.76
Turkmenistan,Food supply quantity (kg/capita/yr),Pigmeat,2020,kg,0.09
Turkmenistan,Food supply quantity (kg/capita/yr),Poultry Meat,2020,kg,6.08
Turkmenistan,Food supply quantity (kg/capita/yr),"Meat, Other",2020,kg,0
Uganda,Food supply quantity (kg/capita/yr),Bovine Meat,2020,kg,3.58
Uganda,Food supply quantity (kg/capita/yr),Mutton & Goat Meat,2020,kg,0.99
Uganda,Food supply quantity (kg/capita/yr),Pigmeat,2020,kg,2.87
Uganda,Food supply quantity (kg/capita/yr),Poultry Meat,2020,kg,1.52
Uganda,Food supply quantity (kg/capita/yr),"Meat, Other",2020,kg,0
Ukraine,Food supply quantity (kg/capita/yr),Bovine Meat,2020,kg,7.21
Ukraine,Food supply quantity (kg/capita/yr),Mutton & Goat Meat,2020,kg,0.26
Ukraine,Food supply quantity (kg/capita/yr),Pigmeat,2020,kg,16.73
Ukraine,Food supply quantity (kg/capita/yr),Poultry Meat,2020,kg,24.85
Ukraine,Food supply quantity (kg/capita/yr),"Meat, Other",2020,kg,0.44
United Arab Emirates,Food supply quantity (kg/capita/yr),Bovine Meat,2020,kg,6.71
United Arab Emirates,Food supply quantity (kg/capita/yr),Mutton & Goat Meat,2020,kg,7.46
United Arab Emirates,Food supply quantity (kg/capita/yr),Poultry Meat,2020,kg,31.14
United Arab Emirates,Food supply quantity (kg/capita/yr),"Meat, Other",2020,kg,2.9
United Kingdom,Food supply quantity (kg/capita/yr),Bovine Meat,2020,kg,17.35
United Kingdom,Food supply quantity (kg/capita/yr),Mutton & Goat Meat,2020,kg,3.94
United Kingdom,Food supply quantity (kg/capita/yr),Pigmeat,2020,kg,24.04
United Kingdom,Food supply quantity (kg/capita/yr),Poultry Meat,2020,kg,32.73
United Kingdom,Food supply quantity (kg/capita/yr),"Meat, Other",2020,kg,1.04
United Republic of Tanzania,Food supply quantity (kg/capita/yr),Bovine Meat,2020,kg,7.82
United Republic of Tanzania,Food supply quantity (kg/capita/yr),Mutton & Goat Meat,2020,kg,1.21
United Republic of Tanzania,Food supply quantity (kg/capita/yr),Pigmeat,2020,kg,0.25
United Republic of Tanzania,Food supply quantity (kg/capita/yr),Poultry Meat,2020,kg,1.49
United Republic of Tanzania,Food supply quantity (kg/capita/yr),"Meat, Other",2020,kg,0.4
United States of America,Food supply quantity (kg/capita/yr),Bovine Meat,2020,kg,37.87
United States of America,Food supply quantity (kg/capita/yr),Mutton & Goat Meat,2020,kg,0.61
United States of America,Food supply quantity (kg/capita/yr),Pigmeat,2020,kg,30.64
United States of America,Food supply quantity (kg/capita/yr),Poultry Meat,2020,kg,58.69
United States of America,Food supply quantity (kg/capita/yr),"Meat, Other",2020,kg,0.81
Uruguay,Food supply quantity (kg/capita/yr),Bovine Meat,2020,kg,19.43
Uruguay,Food supply quantity (kg/capita/yr),Mutton & Goat Meat,2020,kg,2.52
Uruguay,Food supply quantity (kg/capita/yr),Pigmeat,2020,kg,14.12
Uruguay,Food supply quantity (kg/capita/yr),Poultry Meat,2020,kg,21.03
Uruguay,Food supply quantity (kg/capita/yr),"Meat, Other",2020,kg,1.02
Uzbekistan,Food supply quantity (kg/capita/yr),Bovine Meat,2020,kg,31.64
Uzbekistan,Food supply quantity (kg/capita/yr),Mutton & Goat Meat,2020,kg,5.87
Uzbekistan,Food supply quantity (kg/capita/yr),Pigmeat,2020,kg,0.16
Uzbekistan,Food supply quantity (kg/capita/yr),Poultry Meat,2020,kg,3.09
Uzbekistan,Food supply quantity (kg/capita/yr),"Meat, Other",2020,kg,0.2
Vanuatu,Food supply quantity (kg/capita/yr),Bovine Meat,2020,kg,7.19
Vanuatu,Food supply quantity (kg/capita/yr),Mutton & Goat Meat,2020,kg,0.18
Vanuatu,Food supply quantity (kg/capita/yr),Pigmeat,2020,kg,12.38
Vanuatu,Food supply quantity (kg/capita/yr),Poultry Meat,2020,kg,14.62
Vanuatu,Food supply quantity (kg/capita/yr),"Meat, Other",2020,kg,0.11
Venezuela (Bolivarian Republic of),Food supply quantity (kg/capita/yr),Bovine Meat,2020,kg,12.02
Venezuela (Bolivarian Republic of),Food supply quantity (kg/capita/yr),Mutton & Goat Meat,2020,kg,0.34
Venezuela (Bolivarian Republic of),Food supply quantity (kg/capita/yr),Pigmeat,2020,kg,4.43
Venezuela (Bolivarian Republic of),Food supply quantity (kg/capita/yr),Poultry Meat,2020,kg,16.11
Venezuela (Bolivarian Republic of),Food supply quantity (kg/capita/yr),"Meat, Other",2020,kg,0
Viet Nam,Food supply quantity (kg/capita/yr),Bovine Meat,2020,kg,6.11
Viet Nam,Food supply quantity (kg/capita/yr),Mutton & Goat Meat,2020,kg,0.22
Viet Nam,Food supply quantity (kg/capita/yr),Pigmeat,2020,kg,38.18
Viet Nam,Food supply quantity (kg/capita/yr),Poultry Meat,2020,kg,15.81
Viet Nam,Food supply quantity (kg/capita/yr),"Meat, Other",2020,kg,0.28
Yemen,Food supply quantity (kg/capita/yr),Bovine Meat,2020,kg,3.03
Yemen,Food supply quantity (kg/capita/yr),Mutton & Goat Meat,2020,kg,4.36
Yemen,Food supply quantity (kg/capita/yr),Pigmeat,2020,kg,0
Yemen,Food supply quantity (kg/capita/yr),Poultry Meat,2020,kg,11.22
Yemen,Food supply quantity (kg/capita/yr),"Meat, Other",2020,kg,0.1
Zambia,Food supply quantity (kg/capita/yr),Bovine Meat,2020,kg,9.3
Zambia,Food supply quantity (kg/capita/yr),Mutton & Goat Meat,2020,kg,0.52
Zambia,Food supply quantity (kg/capita/yr),Pigmeat,2020,kg,1.54
Zambia,Food supply quantity (kg/capita/yr),Poultry Meat,2020,kg,2.64
Zambia,Food supply quantity (kg/capita/yr),"Meat, Other",2020,kg,2.2
Zimbabwe,Food supply quantity (kg/capita/yr),Bovine Meat,2020,kg,42.3
Zimbabwe,Food supply quantity (kg/capita/yr),Mutton & Goat Meat,2020,kg,1.86
Zimbabwe,Food supply quantity (kg/capita/yr),Pigmeat,2020,kg,0.68
Zimbabwe,Food supply quantity (kg/capita/yr),Poultry Meat,2020,kg,4.62
Zimbabwe,Food supply quantity (kg/capita/yr),"Meat, Other",2020,kg,2.46
